atoms,num_nodes,num_gpus,timesteps/s
44000000,512,2048,3.937006784
44000000,680,2720,4.987526272
44000000,1024,4096,7.363248988
44000000,1280,5120,8.823062087